SRF816, ej best.
ZVK289, ej best.
NWJ454, ej best.
NVZ402, ej best.
MRD716, ej best.
KRQ162, ej best.
STQ729, ej best.
BFM757, ej best.
DSB267, ej best.
FCG426, ej best.
PLG353, ej best.
BGD102, ej best.
NMR175, ej best.
DPT938, ej best.
RDS735, ej best.
RXT142, ej best.
NRH209, ej best.
MQJ879, ej best.
QCM275, ej best.
GMF989, ej best.
VQR700, ej best.
KCJ601, ej best.
MNJ899, ej best.
WVF421, ej best.
QKL503, ej best.
HPR733, ej best.
PFG726, ej best.
LJS735, ej best.
XGL120, ej best.
LWX604, ej best.
LDB336, ej best.
FZK500, ej best.
FZC513, ej best.
FVX507, ej best.
WXD401, ej best.
STB813, ej best.
NMS451, ej best.
CTM546, ej best.
VZJ621, ej best.
VRS522, ej best.
PTS716, ej best.
CTS368, ej best.
XNW215, ej best.
CNT100, ej best.
RCZ855, ej best.
CWV180, ej best.
VSC231, ej best.
VNC741, ej best.
HLJ882, best.
BFR814, best.
XHL918, best.
WQL669, best.
QWX344, best.
QFR834, best.
HPN761, best.
BJX542, best.
KNS832, best.
BRK187, best.
XNT332, best.
CJF470, best.
FXG358, best.
MDG232, best.
MVF956, best.
XZW443, best.
TFK499, best.
QLX343, best.
CRD551, best.
RNQ851, best.
STL145, best.
NWS528, best.
LZK442, best.
DGR992, best.
MCP255, best.
FDT981, best.
KZL542, best.
NFG564, best.
SHM302, best.
RFH717, best.
ZJN886, best.
GSP117, best.
VMC391, best.
LWZ746, best.
CRN424, best.
BLX594, best.
XKH299, best.
CPR277, best.
VRS137, best.
TQJ452, best.
QLX797, best.
TRZ612, best.
BMZ927, best.
FWV366, best.
PBS125, best.
SNK210, best.
TLR453, best.
BRT837, best.
MBV681, best.
RSB786, best.
PLN924, best.
MVH283, best.
LGM436, best.
CZJ245, best.
RTZ163, best.
QBF937, best.
ZFJ900, best.
JXK762, best.
LWR500, best.
XVF946, best.
WTK866, best.
PFV304, best.
NMQ557, best.
HFV389, best.
RLJ167, best.
QMJ811, best.
ZVC611, best.
KZG683, best.
LBT381, best.
LDQ218, best.
LWB290, best.
ZMR905, best.
XRL165, best.
DBT876, best.
PWH334, best.
NQP691, best.
VGN209, best.
SWN848, best.
CRW625, best.
HNC643, best.
GQR701, best.
MQT615, best.
XTN528, best.
HFD121, best.
GBT989, best.
SJP318, best.
QLN174, best.
ZKM938, best.
KHP427, best.
TGL151, best.
LQX292, best.
NZV842, best.
SKQ225, best.
FGP998, best.
QGT268, best.
FMS719, best.
JTC303, best.
JZM700, best.
CHQ768, best.
NKD227, best.
JPM687, best.
XCK773, best.
XGD729, best.
SCR411, best.
GKL485, best.
TWZ891, best.
PRT548, best.
JRK712, best.
QBD889, best.
WKL125, best.
TDB196, best.
CBL626, best.
NPM981, best.
JMX283, best.
GKP873, best.
HVW866, best.
BTQ373, best.
ZHV649, best.
RVS299, best.
SBT219, best.
KFG364, best.
MPX651, best.
RZP373, best.
JXK767, best.
QXR863, best.
TXS659, best.
ZFL619, best.
BFT727, best.
KVN491, best.
SNK239, best.
GRC196, best.
PCM787, best.
TPQ361, best.
VHK871, best.
LQG580, best.
QCH898, best.
GBV767, best.
KTM249, best.
KFC206, best.
VFK540, best.
GFT756, best.
XFZ251, best.
LKR971, best.
VMJ372, best.
CWZ688, best.
GWF782, best.
ZTH422, best.
ZFQ749, best.
VQB877, best.
PZQ560, best.
FZT978, best.
HKM807, best.
QCK925, best.
XBF852, best.
TLR180, best.
RPB727, best.
NCX523, best.
WLF138, best.
XPZ598, best.
HDZ875, best.
XCF619, best.
HJP844, best.
LBW110, best.
NGW908, best.
LVF228, best.
QZJ408, best.
MLX741, best.
FPK406, best.
BGS509, best.
CXR742, best.
VPG448, best.
TJZ944, best.
VSZ718, best.
BFR555, best.
TJC725, best.
SDB472, best.
SVP276, best.
NFK216, best.
KWH786, best.
QKJ272, best.
RZV419, best.
SKM861, best.