zvk289;ej best
pbt308;ej best
prk593;ej best
jvf734;ej best
sdj958;ej best
dtf794;ej best
qbc978;ej best
jnx121;ej best
jgp246;ej best
ctm546;ej best
cwz208;ej best
dfv380;ej best
dwn639;ej best
xjm742;ej best
xsn362;ej best
bvn688;ej best
lpg461;ej best
tqn268;ej best
pcx584;ej best
hkz754;ej best
ghb378;ej best
crp864;ej best
clj679;ej best
hqw811;ej best
ngk191;ej best
mbw219;ej best
cwv180;ej best
lbv385;ej best
cdm283;ej best
kpj276;ej best
hlk389;ej best
kxz417;ej best
xbj389;ej best
ptn849;ej best
flw840;ej best
lcp158;ej best
hpr733;ej best
dzc739;ej best
vpl675;ej best
sxc757;ej best
lst887;ej best
tdw613;ej best
rgt545;ej best
fcz988;ej best
nxd632;ej best
mhq408;ej best
zfp949;ej best
mqr287;ej best
dfn250;ej best
pzt418;ej best
gvf205;ej best
vrs137;ej best
rxt142;ej best
qvb913;ej best
fbj233;ej best
mvl114;ej best
svg193;ej best
fdz540;ej best
bmg344;ej best
cgz418;best
cqv636;best
zxl634;best
dtg618;best
pnv878;best
qcf162;best
pjk293;best
mrb131;best
wtr434;best
lhg843;best
nzg862;best
bsr679;best
fzw504;best
qfd312;best
hsf455;best
fqr771;best
cpg707;best
tfm916;best
nwc774;best
rxh288;best
mzq323;best
fsn483;best
cbv362;best
tpd853;best
plx188;best
tkz564;best
rnf396;best
hcv743;best
mcg841;best
rgk510;best
lnz611;best
zsd656;best
pfd789;best
hlc237;best
xjl838;best
htq545;best
lvc518;best
jhf961;best
gwn787;best
vcg800;best
slc458;best
sjk869;best
qrw992;best
lxc355;best
kmf135;best
kwh131;best
sjm233;best
kxc254;best
kqn506;best
btm676;best
lhm972;best
mdw167;best
rpk718;best
qfm629;best
cdt183;best
brt750;best
ckh825;best
jbl998;best
fvr696;best
fdt672;best
rdn510;best
bsf724;best
vds881;best
vgk584;best
bjw452;best
vpb466;best
pjz396;best
sgb730;best
vtd185;best
rkq879;best
wfj327;best
tkz347;best
crx253;best
gsl536;best
kgl984;best
zdn337;best
wfk396;best
trg671;best
tcl492;best
tvf133;best
tgk763;best
rvm681;best
tjb925;best
xnl561;best
glb450;best
drw852;best
pjf882;best
qbs712;best
rmd679;best
qrv829;best
qtd808;best
tmb367;best
rkz906;best
wkl296;best
nlw512;best
ljb172;best
bwd430;best
blg515;best
mjh831;best
shq384;best
xrz971;best
xsc176;best
fqb966;best
ldb336;best
zrw700;best
sqt435;best
mrd380;best
hgf567;best
lpb358;best
kxb518;best
lcb852;best
twh441;best
gvx386;best
rbn601;best
xjp423;best
rfw179;best
dtz913;best
fjq872;best
tmj992;best
lsn777;best
sfl265;best
rcl360;best
vwb515;best
qgh114;best
rtc189;best
dzm901;best
glq920;best
ksw803;best
mfr264;best
vwp852;best
wtq612;best
cfb268;best
mhj720;best
wlc376;best
npd255;best
jmg808;best
nzv947;best
wgx965;best
qdc541;best
zqd841;best
vxr490;best
bgd102;best
frv626;best
whs715;best
pbh816;best
qtz972;best
mvl513;best
hwd689;best
zfx206;best
mld421;best
gqc580;best
wdg470;best
ckb257;best
rjk148;best
wrf242;best
tcw380;best
lvw655;best
hlq292;best
grj225;best
ljw587;best
slm309;best
rlh177;best
qwb704;best
klr543;best
sfp142;best
plb228;best
hlp848;best
pgb307;best
xts194;best
psb194;best
nhr120;best
qzs634;best
lfh632;best
sbf828;best
qnv884;best
wrx638;best
hxc151;best
rkx483;best
mtg382;best
xpk442;best
jtw868;best
zwx656;best
rvq120;best
stj965;best
qtc846;best
zrd777;best
pwk726;best
frg164;best
bhf955;best
qpb712;best
zql291;best
hmf725;best
glq414;best
hwm442;best
hrc720;best
hzm900;best
sxr297;best
vrw704;best
tvr168;best
lkz301;best